{"cameraMode":{"drawMode":0,"name":"Shaded","section":"Shading Mode"},"sceneLighting":true,"audioPlay":false,"sceneViewState":{"showFog":true,"showMaterialUpdate":false,"showSkybox":true,"showFlares":true,"showImageEffects":true,"showParticleSystems":true},"in2DMode":false,"pivot":{"x":831.2581176757813,"y":224.5242919921875,"z":74.3836669921875},"rotation":{"x":0.27397429943084719,"y":0.04325556382536888,"z":-0.012336879968643189,"w":0.960691511631012},"size":879.0114135742188,"orthographic":false}